feature,mean,q.05,q.95,type
x1,1.9474655908075502,1.9474655908075504,1.9474655908075504,PFI
x2,2.1009690798095306,2.1009690798095306,2.1009690798095306,PFI
x3,1.9363487789732334,1.9363487789732339,1.9363487789732339,PFI
x1,1.9943085383456924,1.9943085383456929,1.9943085383456929,CFI
x2,1.8811350696606264,1.8811350696606264,1.8811350696606264,CFI
x3,1.9504912222670965,1.9504912222670965,1.9504912222670965,CFI
