feature,mean,q.05,q.95,type
x1,1.9474655908075502,1.9474655908075504,1.9474655908075504,PFI
x2,2.1009690798095306,2.1009690798095306,2.1009690798095306,PFI
x3,1.9363487789732334,1.9363487789732339,1.9363487789732339,PFI
x1,2.0036624748751173,2.0036624748751173,2.0036624748751173,CFI
x2,1.9557767547251537,1.9557767547251539,1.9557767547251539,CFI
x3,1.9452852285168696,1.9452852285168698,1.9452852285168698,CFI
