feature,mean,q.05,q.95,type
x1,1.9474655908075493,1.9474655908075493,1.9474655908075493,pfi
x2,2.1009690798095333,2.1009690798095333,2.1009690798095333,pfi
x3,7.880492241095501,7.880492241095501,7.880492241095501,pfi
x1,1.8235614748215627,1.8235614748215627,1.8235614748215627,cfi
x2,2.0368174403366157,2.0368174403366157,2.0368174403366157,cfi
x3,7.538061231150525,7.538061231150525,7.538061231150525,cfi
