feature,mean,q.05,q.95,type
x1,1.9474655908075498,1.9474655908075493,1.9474655908075493,pfi
x2,2.1009690798095337,2.1009690798095333,2.1009690798095333,pfi
x3,7.8804922410954985,7.880492241095501,7.880492241095501,pfi
x1,1.9706577811520456,1.9706577811520454,1.9706577811520454,cfi
x2,2.0446823406026207,2.0446823406026216,2.0446823406026216,cfi
x3,7.74343559209504,7.743435592095043,7.743435592095043,cfi
