feature,mean,q.05,q.95,type
x1,1.9992793177207622,1.9992793177207622,1.9992793177207622,pfi
x2,1.9631134884674506,1.9631134884674506,1.9631134884674506,pfi
x3,7.5740261176750865,7.5740261176750865,7.5740261176750865,pfi
x1,1.906853227054763,1.906853227054763,1.906853227054763,cfi
x2,2.0490316716934194,2.0490316716934194,2.0490316716934194,cfi
x3,7.868822330610507,7.868822330610507,7.868822330610507,cfi
