feature,mean,q.05,q.95,type
x1,1.9474655908075502,1.9474655908075504,1.9474655908075504,PFI
x2,2.1009690798095306,2.1009690798095306,2.1009690798095306,PFI
x3,1.9363487789732334,1.9363487789732339,1.9363487789732339,PFI
x1,1.9624902775647675,1.9624902775647668,1.9624902775647668,CFI
x2,2.0933597660939545,2.093359766093955,2.093359766093955,CFI
x3,1.8982651380259192,1.8982651380259188,1.8982651380259188,CFI
