feature,mean,q.05,q.95,type
x1,1.9474655908075502,1.9474655908075504,1.9474655908075504,PFI
x2,2.1009690798095306,2.1009690798095306,2.1009690798095306,PFI
x3,1.9363487789732334,1.9363487789732339,1.9363487789732339,PFI
x1,1.9554262331312986,1.9554262331312986,1.9554262331312986,CFI
x2,1.9450962765997841,1.9450962765997841,1.9450962765997841,CFI
x3,1.855295732668459,1.855295732668459,1.855295732668459,CFI
