feature,mean,q.05,q.95,type
x1,1.9474655908075502,1.9474655908075504,1.9474655908075504,PFI
x2,2.1009690798095306,2.1009690798095306,2.1009690798095306,PFI
x3,1.9363487789732334,1.9363487789732339,1.9363487789732339,PFI
x1,1.876727725050405,1.8767277250504055,1.8767277250504055,CFI
x2,1.909454783331146,1.9094547833311462,1.9094547833311462,CFI
x3,1.8287235480951307,1.8287235480951314,1.8287235480951314,CFI
