feature,mean,q.05,q.95,type
x1,1.9474655908075498,1.9474655908075493,1.9474655908075493,PFI
x2,2.1009690798095337,2.1009690798095333,2.1009690798095333,PFI
x3,7.8804922410954985,7.880492241095501,7.880492241095501,PFI
x1,1.8662249852080313,1.866224985208031,1.866224985208031,CFI
x2,1.9842113284621583,1.9842113284621572,1.9842113284621572,CFI
x3,7.719657410549544,7.719657410549544,7.719657410549544,CFI
