"feature","importance","type"
"x1",0.969572818231856,"LOCO"
"x2",0.992905894763259,"LOCO"
"x3",0.972630524634659,"LOCO"
"x1",1.02252693975482,"LOCI"
"x2",1.00652691908592,"LOCI"
"x3",1.01028655175735,"LOCI"
