"feature","importance","type"
"x1",1.00268787604792,"LOCO"
"x2",1.06458215117257,"LOCO"
"x3",1.06585607366479,"LOCO"
"x4",-7.04884956952492e-06,"LOCO"
"x1",0.958345319570688,"LOCI"
"x2",-0.000762700112414194,"LOCI"
"x3",-0.000758622943960674,"LOCI"
"x4",-0.000318216508835345,"LOCI"
