feature,importance,type
x1,1.976315561726757,PFI
x2,1.9055659280920028,PFI
x3,2.0754301737396164,PFI
x4,-1.1474550687621404e-05,PFI
x1,2.046656970309734,CFI
x2,1.956517676263836,CFI
x3,1.8829405986810772,CFI
x4,-2.134239942138544e-05,CFI
