"feature","importance","type"
"x1",0.997311994181479,"LOCO"
"x2",1.00236524857421,"LOCO"
"x3",1.00409619237812,"LOCO"
"x4",-0.000177046805470038,"LOCO"
"x5",-0.000171038133592205,"LOCO"
"x1",1.03533924837118,"LOCI"
"x2",0.980654168422087,"LOCI"
"x3",1.04511906145244,"LOCI"
"x4",-0.001110326675553,"LOCI"
"x5",-0.00111334291424203,"LOCI"
