feature,importance,type
x1,2.118293621541824,PFI
x2,2.000264746187532,PFI
x3,2.0357831881761648,PFI
x4,0.3031862014485575,PFI
x5,0.2718976544153961,PFI
x1,2.050435373739301,CFI
x2,2.0086222372557008,CFI
x3,1.8769108608198373,CFI
x4,8.752607350404062e-05,CFI
x5,-0.00037079587467503394,CFI
