"feature","importance","type"
"x1",0.982922702607915,"LOCO"
"x2",0.975528283210536,"LOCO"
"x3",-0.000164669108329241,"LOCO"
"x4",-0.000267465348314566,"LOCO"
"x1",0.925020319311924,"LOCI"
"x2",0.941543007739528,"LOCI"
"x3",0.937645812963148,"LOCI"
"x4",0.937613528512079,"LOCI"
