feature,importance,type
x1,1.9562498817221015,PFI
x2,2.0413127650917073,PFI
x3,1.9350539280821548,PFI
x4,0.8140909184100508,PFI
x5,0.8930139010325493,PFI
x1,1.902292143684119,CFI
x2,1.9762209650891505,CFI
x3,2.003866596398134,CFI
x4,0.00028149874346805603,CFI
x5,-0.0006978389447107602,CFI
