feature,importance,type
x1,1.959338319382937,PFI
x2,1.8438154374346452,PFI
x3,0.03340829532107704,PFI
x4,2.322989195621361,PFI
x1,1.8949145756401395,CFI
x2,1.8810936654796706,CFI
x3,-0.00012525127623175258,CFI
x4,-0.0010248896601788848,CFI
