"feature","importance","type"
"x1",0.988926268985722,"LOCO"
"x2",0.968459374269906,"LOCO"
"x3",1.02745564653776,"LOCO"
"x4",-0.000167297830234836,"LOCO"
"x5",-0.000168641644072487,"LOCO"
"x1",0.927800684774831,"LOCI"
"x2",0.935834966020482,"LOCI"
"x3",1.00445858161773,"LOCI"
"x4",-0.000823376025541389,"LOCI"
"x5",-0.000812680594477477,"LOCI"
