feature,importance,type
x1,1.8954917184788298,PFI
x2,2.13744802405109,PFI
x3,1.9349800297325646,PFI
x4,0.9282494228304402,PFI
x5,0.9370254481233355,PFI
x1,1.8373098642766836,CFI
x2,2.006357819570145,CFI
x3,2.009286914601155,CFI
x4,-0.000335643997245727,CFI
x5,-0.0007630152840326643,CFI
