"feature","importance","type"
"x1",0.9811779107906,"LOCO"
"x2",1.01375854163664,"LOCO"
"x3",1.02120470717263,"LOCO"
"x4",-7.81714845066173e-06,"LOCO"
"x5",-1.01133220424821e-05,"LOCO"
"x1",0.919427646321734,"LOCI"
"x2",0.980808586158473,"LOCI"
"x3",0.9981013028446,"LOCI"
"x4",-0.000388694063794492,"LOCI"
"x5",-0.000395445932134475,"LOCI"
