"feature","importance","type"
"x1",1.00793746588395,"LOCO"
"x2",0.970352994871363,"LOCO"
"x3",1.12803318433885e-05,"LOCO"
"x4",1.13726265540404e-05,"LOCO"
"x1",0.971773745846722,"LOCI"
"x2",0.935609769553422,"LOCI"
"x3",-0.000544208145377922,"LOCI"
"x4",-0.000563171195605783,"LOCI"
