feature,importance,type
x1,1.9939612862507659,PFI
x2,2.0800404548585694,PFI
x3,1.4245208079293534,PFI
x4,1.4018169769454272,PFI
x1,1.8965664239898787,CFI
x2,2.0171724584883113,CFI
x3,5.2798822914756904e-05,CFI
x4,0.0006710629745577679,CFI
