"feature","importance","type"
"x1",0.977437699814719,"LOCO"
"x2",2.0342725990432,"LOCO"
"x3",-0.00114352524815542,"LOCO"
"x4",0.0184569381670299,"LOCO"
"x5",-0.000464511416066515,"LOCO"
"x6",-0.000467047836944401,"LOCO"
"x1",0.958399513095872,"LOCI"
"x2",1.02302405016662,"LOCI"
"x3",1.00748142585183,"LOCI"
"x4",1.01793527516024,"LOCI"
"x5",-0.000939879327803261,"LOCI"
"x6",-0.000947619610779604,"LOCI"
