feature,importance,type
x1,1.914698915081096,PFI
x2,4.109939638737236,PFI
x3,0.1266800120611818,PFI
x4,3.8416764683300277,PFI
x5,1.666764935785412,PFI
x6,1.576781410115117,PFI
x1,1.8004406508009483,CFI
x2,3.554077604367215,CFI
x3,-0.0006543192501323736,CFI
x4,0.048511327181646746,CFI
x5,0.0018848207783774829,CFI
x6,0.0014509482358803227,CFI
